day,side,entry_time,entry_price,sl,tp,exit_time,exit_price,exit_reason,pnl_dollars,rr,sweep_level,sweep_time,bos_time,risk_in_price,four_h_trend,one_h_trend,sl_anchor_price,bos_pivot_level,sl_buffer,wfo_step
2025-01-02,short,2025-01-02 07:55:00-05:00,2644.065,2646.2651,2637.4647,2025-01-02 08:18:00-05:00,2637.4647,tp,300.0,3.0,2646.098,2025-01-02 07:45:00-05:00,2025-01-02 07:55:00-05:00,2.2001000000000204,,,2646.265,2644.185,0.0001,0
2025-01-03,long,2025-01-03 08:45:00-05:00,2647.335,2643.3549,2659.2753000000007,2025-01-03 10:04:00-05:00,2643.3549,sl,-100.0,-1.0,2649.795,2025-01-03 08:23:00-05:00,2025-01-03 08:45:00-05:00,3.9801000000002205,,Uptrend,2643.355,2645.875,0.0001,0
2025-01-06,long,2025-01-06 09:03:00-05:00,2626.805,2621.6648999999998,2642.2253,2025-01-06 09:16:00-05:00,2621.6648999999998,sl,-100.0,-1.0,2625.575,2025-01-06 08:44:00-05:00,2025-01-06 09:03:00-05:00,5.140100000000075,Downtrend,Uptrend,2621.665,2625.865,0.0001,0
2025-01-07,short,2025-01-07 08:59:00-05:00,2662.288,2664.0981,2656.8576999999996,2025-01-07 09:17:00-05:00,2656.8576999999996,tp,300.0,3.0,2648.518,2025-01-07 07:03:00-05:00,2025-01-07 08:59:00-05:00,1.8101000000001477,Downtrend,Downtrend,2664.098,2662.734,0.0001,0
2025-01-08,long,2025-01-08 07:32:00-05:00,2648.345,2645.6739,2656.3583,2025-01-08 08:03:00-05:00,2656.3583,tp,300.0,3.0,2647.454,2025-01-08 07:19:00-05:00,2025-01-08 07:32:00-05:00,2.671100000000024,Downtrend,Downtrend,2645.674,2647.875,0.0001,0
2025-01-09,short,2025-01-09 07:42:00-05:00,2672.684,2674.4251000000004,2667.4606999999996,2025-01-09 07:57:00-05:00,2674.4251000000004,sl,-100.0,-1.0,2673.165,2025-01-09 07:34:00-05:00,2025-01-09 07:42:00-05:00,1.7411000000001877,Downtrend,Downtrend,2674.425,2673.284,0.0001,0
2025-01-10,long,2025-01-10 07:41:00-05:00,2677.198,2674.5778999999998,2685.0583,2025-01-10 08:30:00-05:00,2674.5778999999998,sl,-100.0,-1.0,2675.585,2025-01-10 07:39:00-05:00,2025-01-10 07:41:00-05:00,2.620100000000093,Downtrend,Downtrend,2674.578,2676.394,0.0001,0
2025-01-13,long,2025-01-13 07:40:00-05:00,2671.098,2664.0978999999998,2692.0983000000006,2025-01-13 08:37:00-05:00,2664.0978999999998,sl,-100.0,-1.0,2672.609,2025-01-13 07:01:00-05:00,2025-01-13 07:40:00-05:00,7.000100000000202,Uptrend,Uptrend,2664.098,2669.935,0.0001,0
2025-01-14,long,2025-01-14 09:30:00-05:00,2662.245,2659.6449,2670.0453,2025-01-14 10:08:00-05:00,2670.0453,tp,300.0,3.0,2664.439,2025-01-14 08:38:00-05:00,2025-01-14 09:30:00-05:00,2.6001000000001113,Downtrend,Downtrend,2659.645,2661.815,0.0001,0
2025-01-15,short,2025-01-15 09:06:00-05:00,2690.759,2695.9251000000004,2675.260699999999,2025-01-15 12:00:00-05:00,2690.365,close,7.626642922130904,0.07626642922130904,2688.925,2025-01-15 08:30:00-05:00,2025-01-15 09:06:00-05:00,5.16610000000037,Downtrend,Downtrend,2695.925,2692.145,0.0001,0
2025-01-16,short,2025-01-16 09:30:00-05:00,2714.799,2718.2481000000002,2704.451699999999,2025-01-16 09:52:00-05:00,2718.2481000000002,sl,-100.0,-1.0,2711.045,2025-01-16 08:27:00-05:00,2025-01-16 09:30:00-05:00,3.4491000000002714,Downtrend,Downtrend,2718.248,2715.229,0.0001,0
2025-01-17,long,2025-01-17 09:33:00-05:00,2705.105,2702.5548999999996,2712.755300000001,2025-01-17 10:00:00-05:00,2712.755300000001,tp,300.0,3.0,2702.669,2025-01-17 09:32:00-05:00,2025-01-17 09:33:00-05:00,2.550100000000384,Uptrend,Uptrend,2702.555,2704.865,0.0001,0
2025-01-20,long,2025-01-20 09:02:00-05:00,2708.635,2701.4979,2730.0463000000013,2025-01-20 12:00:00-05:00,2707.615,close,-14.291518964290583,-0.14291518964290584,2702.739,2025-01-20 08:36:00-05:00,2025-01-20 09:02:00-05:00,7.137100000000373,Downtrend,Uptrend,2701.498,2707.485,0.0001,0
2025-01-21,short,2025-01-21 08:56:00-05:00,2726.465,2729.8651,2716.2647000000006,2025-01-21 09:16:00-05:00,2729.8651,sl,-100.0,-1.0,2729.535,2025-01-21 08:20:00-05:00,2025-01-21 08:56:00-05:00,3.4000999999998385,Downtrend,Downtrend,2729.865,2726.795,0.0001,0
2025-01-23,long,2025-01-23 08:57:00-05:00,2739.298,2735.6648999999998,2750.1973,2025-01-23 11:16:00-05:00,2750.1973,tp,300.0,3.0,2740.898,2025-01-23 08:14:00-05:00,2025-01-23 08:57:00-05:00,3.633100000000013,Downtrend,Downtrend,2735.665,2739.108,0.0001,0
2025-01-24,short,2025-01-24 08:25:00-05:00,2781.368,2783.2181,2775.8176999999996,2025-01-24 08:42:00-05:00,2783.2181,sl,-100.0,-1.0,2779.955,2025-01-24 08:02:00-05:00,2025-01-24 08:25:00-05:00,1.8501000000001113,Uptrend,Downtrend,2783.218,2781.695,0.0001,0
2025-01-27,long,2025-01-27 09:38:00-05:00,2752.025,2744.9148999999998,2773.355300000001,2025-01-27 10:04:00-05:00,2744.9148999999998,sl,-100.0,-1.0,2749.155,2025-01-27 09:24:00-05:00,2025-01-27 09:38:00-05:00,7.11010000000033,Uptrend,Uptrend,2744.915,2751.248,0.0001,0
2025-01-28,short,2025-01-28 09:52:00-05:00,2753.545,2756.2051,2745.5647,2025-01-28 10:18:00-05:00,2756.2051,sl,-100.00000000000001,-1.0000000000000002,2744.975,2025-01-28 07:56:00-05:00,2025-01-28 09:52:00-05:00,2.6601000000000568,Uptrend,Downtrend,2756.205,2753.795,0.0001,0
2025-01-29,long,2025-01-29 07:33:00-05:00,2757.735,2755.5948999999996,2764.1553000000017,2025-01-29 07:53:00-05:00,2755.5948999999996,sl,-99.99999999999999,-0.9999999999999999,2756.848,2025-01-29 07:07:00-05:00,2025-01-29 07:33:00-05:00,2.1401000000005297,Downtrend,Uptrend,2755.595,2757.515,0.0001,0
2025-01-30,short,2025-01-30 08:15:00-05:00,2780.825,2782.9751,2774.374699999999,2025-01-30 08:40:00-05:00,2782.9751,sl,-100.0,-1.0,2779.415,2025-01-30 07:35:00-05:00,2025-01-30 08:15:00-05:00,2.150100000000293,Downtrend,Downtrend,2782.975,2781.045,0.0001,0
2025-01-31,short,2025-01-31 07:53:00-05:00,2805.255,2807.5651000000003,2798.3246999999997,2025-01-31 08:39:00-05:00,2807.5651000000003,sl,-100.0,-1.0,2800.535,2025-01-31 07:01:00-05:00,2025-01-31 07:53:00-05:00,2.3101000000001477,Downtrend,Downtrend,2807.565,2805.565,0.0001,0
2025-02-03,short,2025-02-03 08:07:00-05:00,2808.478,2811.5081,2799.3877,2025-02-03 08:20:00-05:00,2811.5081,sl,-100.0,-1.0,2804.135,2025-02-03 07:28:00-05:00,2025-02-03 08:07:00-05:00,3.0300999999999476,Downtrend,Downtrend,2811.508,2808.528,0.0001,0
2025-02-04,short,2025-02-04 08:42:00-05:00,2833.895,2837.0451000000003,2824.444699999999,2025-02-04 09:29:00-05:00,2837.0451000000003,sl,-100.0,-1.0,2821.675,2025-02-04 07:51:00-05:00,2025-02-04 08:42:00-05:00,3.150100000000293,Downtrend,Downtrend,2837.045,2834.355,0.0001,0
2025-02-05,long,2025-02-05 08:57:00-05:00,2861.405,2858.3149,2870.6753000000012,2025-02-05 09:49:00-05:00,2870.6753000000012,tp,300.0,3.0,2863.405,2025-02-05 08:33:00-05:00,2025-02-05 08:57:00-05:00,3.090100000000348,Downtrend,Downtrend,2858.315,2860.195,0.0001,0
2025-02-06,short,2025-02-06 07:16:00-05:00,2865.815,2870.0451000000003,2853.1246999999994,2025-02-06 09:47:00-05:00,2853.1246999999994,tp,300.0,3.0,2867.265,2025-02-06 07:01:00-05:00,2025-02-06 07:16:00-05:00,4.2301000000002205,Downtrend,Uptrend,2870.045,2866.265,0.0001,0
2025-02-07,long,2025-02-07 08:20:00-05:00,2862.045,2860.0849,2867.925300000001,2025-02-07 08:30:00-05:00,2860.0849,sl,-100.0,-1.0,2863.035,2025-02-07 08:00:00-05:00,2025-02-07 08:20:00-05:00,1.9601000000002387,Downtrend,Downtrend,2860.085,2861.188,0.0001,0
2025-02-10,short,2025-02-10 07:38:00-05:00,2904.005,2906.9051000000004,2895.3046999999992,2025-02-10 08:18:00-05:00,2906.9051000000004,sl,-100.0,-1.0,2906.135,2025-02-10 07:13:00-05:00,2025-02-10 07:38:00-05:00,2.900100000000293,Downtrend,Downtrend,2906.905,2904.025,0.0001,0
2025-02-11,long,2025-02-11 08:23:00-05:00,2887.495,2881.6349,2905.0752999999995,2025-02-11 10:46:00-05:00,2905.0752999999995,tp,299.99999999999994,2.9999999999999996,2901.715,2025-02-11 07:08:00-05:00,2025-02-11 08:23:00-05:00,5.860099999999875,Uptrend,Uptrend,2881.635,2886.595,0.0001,0
2025-02-12,long,2025-02-12 08:45:00-05:00,2873.398,2863.6848999999997,2902.5373000000013,2025-02-12 11:55:00-05:00,2902.5373000000013,tp,300.0,3.0,2878.718,2025-02-12 08:14:00-05:00,2025-02-12 08:45:00-05:00,9.713100000000395,Downtrend,Downtrend,2863.685,2872.895,0.0001,0
2025-02-13,short,2025-02-13 07:18:00-05:00,2918.165,2920.2551000000003,2911.894699999999,2025-02-13 07:38:00-05:00,2920.2551000000003,sl,-100.0,-1.0,2919.225,2025-02-13 07:10:00-05:00,2025-02-13 07:18:00-05:00,2.090100000000348,Downtrend,Downtrend,2920.255,2918.345,0.0001,0
2025-02-14,long,2025-02-14 07:28:00-05:00,2932.945,2929.0249,2944.705300000001,2025-02-14 07:40:00-05:00,2929.0249,sl,-100.0,-1.0,2929.125,2025-02-14 07:09:00-05:00,2025-02-14 07:28:00-05:00,3.920100000000275,Downtrend,Uptrend,2929.025,2932.315,0.0001,0
2025-02-18,short,2025-02-18 08:05:00-05:00,2916.135,2918.7551000000003,2908.2747,2025-02-18 08:38:00-05:00,2918.7551000000003,sl,-100.0,-1.0,2914.895,2025-02-18 07:28:00-05:00,2025-02-18 08:05:00-05:00,2.620100000000093,Downtrend,Downtrend,2918.755,2916.265,0.0001,0
2025-02-19,long,2025-02-19 07:31:00-05:00,2933.575,2931.0748999999996,2941.0753000000004,2025-02-19 08:08:00-05:00,2941.0753000000004,tp,300.0,3.0,2931.255,2025-02-19 07:01:00-05:00,2025-02-19 07:31:00-05:00,2.5001000000002023,Downtrend,Uptrend,2931.075,2933.555,0.0001,0
2025-02-20,long,2025-02-20 07:55:00-05:00,2943.615,2938.4478999999997,2959.1163,2025-02-20 08:45:00-05:00,2938.4478999999997,sl,-100.0,-1.0,2947.015,2025-02-20 07:11:00-05:00,2025-02-20 07:55:00-05:00,5.167100000000119,Uptrend,Uptrend,2938.448,2943.525,0.0001,0
2025-02-21,short,2025-02-21 10:06:00-05:00,2932.785,2938.8151000000003,2914.6946999999986,2025-02-21 12:00:00-05:00,2937.475,close,-77.77648795210264,-0.7777648795210265,2935.935,2025-02-21 09:46:00-05:00,2025-02-21 10:06:00-05:00,6.030100000000402,Downtrend,Downtrend,2938.815,2933.225,0.0001,0
2025-02-24,short,2025-02-24 07:05:00-05:00,2948.355,2951.0151,2940.3747,2025-02-24 08:39:00-05:00,2951.0151,sl,-100.00000000000001,-1.0000000000000002,2948.665,2025-02-24 07:01:00-05:00,2025-02-24 07:05:00-05:00,2.6601000000000568,Uptrend,Downtrend,2951.015,2949.055,0.0001,0
2025-02-25,long,2025-02-25 07:48:00-05:00,2926.145,2923.8048999999996,2933.165300000001,2025-02-25 08:38:00-05:00,2933.165300000001,tp,300.0,3.0,2929.365,2025-02-25 07:33:00-05:00,2025-02-25 07:48:00-05:00,2.340100000000348,Uptrend,Uptrend,2923.805,2925.645,0.0001,0
2025-02-26,long,2025-02-26 09:43:00-05:00,2894.605,2890.5879,2906.6563,2025-02-26 10:10:00-05:00,2906.6563,tp,300.0,3.0,2909.345,2025-02-26 08:42:00-05:00,2025-02-26 09:43:00-05:00,4.017100000000028,Uptrend,Uptrend,2890.588,2894.148,0.0001,0
2025-02-27,long,2025-02-27 11:04:00-05:00,2875.348,2867.5649,2898.6973000000003,2025-02-27 12:00:00-05:00,2877.105,close,22.574552556179906,0.22574552556179905,2876.715,2025-02-27 09:46:00-05:00,2025-02-27 11:04:00-05:00,7.783100000000104,Uptrend,Uptrend,2867.565,2874.278,0.0001,0
2025-02-28,long,2025-02-28 09:16:00-05:00,2849.065,2842.0348999999997,2870.1553000000013,2025-02-28 09:38:00-05:00,2842.0348999999997,sl,-100.0,-1.0,2850.788,2025-02-28 08:55:00-05:00,2025-02-28 09:16:00-05:00,7.030100000000402,Uptrend,Uptrend,2842.035,2848.145,0.0001,0
2025-03-03,short,2025-03-03 07:53:00-05:00,2876.125,2877.4781000000003,2872.065699999999,2025-03-03 08:06:00-05:00,2872.065699999999,tp,300.0,3.0,2875.275,2025-03-03 07:01:00-05:00,2025-03-03 07:53:00-05:00,1.3531000000002678,Downtrend,Downtrend,2877.478,2876.255,0.0001,0
2025-03-04,short,2025-03-04 08:20:00-05:00,2924.925,2927.7151000000003,2916.5546999999997,2025-03-04 09:17:00-05:00,2916.5546999999997,tp,300.0,3.0,2921.455,2025-03-04 07:20:00-05:00,2025-03-04 08:20:00-05:00,2.790100000000166,Downtrend,Downtrend,2927.715,2925.265,0.0001,0
2025-03-05,long,2025-03-05 09:32:00-05:00,2907.938,2894.1449,2949.317300000001,2025-03-05 12:00:00-05:00,2923.745,close,114.60077865019046,1.1460077865019047,2908.675,2025-03-05 08:34:00-05:00,2025-03-05 09:32:00-05:00,13.793100000000322,Downtrend,Downtrend,2894.145,2907.725,0.0001,0
2025-03-06,short,2025-03-06 10:13:00-05:00,2916.915,2922.6281000000004,2899.775699999999,2025-03-06 12:00:00-05:00,2916.795,close,2.100435840434835,0.02100435840434835,2911.355,2025-03-06 09:33:00-05:00,2025-03-06 10:13:00-05:00,5.713100000000395,Downtrend,Uptrend,2922.628,2917.065,0.0001,0
2025-03-07,long,2025-03-07 08:30:00-05:00,2918.948,2909.9748999999997,2945.8673000000003,2025-03-07 09:01:00-05:00,2909.9748999999997,sl,-100.0,-1.0,2915.055,2025-03-07 08:19:00-05:00,2025-03-07 08:30:00-05:00,8.973100000000159,Uptrend,Uptrend,2909.975,2912.745,0.0001,0
2025-03-11,short,2025-03-11 07:47:00-04:00,2914.475,2915.8351000000002,2910.394699999999,2025-03-11 08:04:00-04:00,2910.394699999999,tp,300.0,3.0,2915.268,2025-03-11 07:40:00-04:00,2025-03-11 07:47:00-04:00,1.3601000000003296,Downtrend,Downtrend,2915.835,2914.735,0.0001,0
2025-03-12,long,2025-03-12 07:22:00-04:00,2914.115,2911.9348999999997,2920.6553,2025-03-12 07:32:00-04:00,2920.6553,tp,300.0,3.0,2912.535,2025-03-12 07:08:00-04:00,2025-03-12 07:22:00-04:00,2.1801000000000386,Downtrend,Downtrend,2911.935,2913.695,0.0001,0
2025-03-13,short,2025-03-13 07:12:00-04:00,2947.065,2949.0551,2941.0947,2025-03-13 07:58:00-04:00,2941.0947,tp,300.0,3.0,2948.735,2025-03-13 07:03:00-04:00,2025-03-13 07:12:00-04:00,1.990099999999984,Downtrend,Downtrend,2949.055,2947.495,0.0001,0
2025-03-14,long,2025-03-14 09:08:00-04:00,2989.578,2983.0978999999998,3009.0183000000006,2025-03-14 09:29:00-04:00,2983.0978999999998,sl,-100.0,-1.0,2985.025,2025-03-14 08:37:00-04:00,2025-03-14 09:08:00-04:00,6.4801000000002205,Downtrend,Uptrend,2983.098,2989.338,0.0001,0
2025-03-18,short,2025-03-18 07:21:00-04:00,3029.435,3031.2451,3024.0046999999995,2025-03-18 07:34:00-04:00,3031.2451,sl,-100.0,-1.0,3029.319,2025-03-18 07:03:00-04:00,2025-03-18 07:21:00-04:00,1.8101000000001477,Downtrend,Downtrend,3031.245,3029.575,0.0001,0
2025-03-19,short,2025-03-19 07:20:00-04:00,3037.625,3039.9351,3030.6946999999996,2025-03-19 07:37:00-04:00,3039.9351,sl,-100.0,-1.0,3039.735,2025-03-19 07:06:00-04:00,2025-03-19 07:20:00-04:00,2.3101000000001477,Downtrend,Downtrend,3039.935,3038.345,0.0001,0
2025-03-21,short,2025-03-21 07:17:00-04:00,3034.235,3037.8351000000002,3023.4347,2025-03-21 07:50:00-04:00,3037.8351000000002,sl,-100.0,-1.0,3037.438,2025-03-21 07:10:00-04:00,2025-03-21 07:17:00-04:00,3.6001000000001113,Uptrend,Uptrend,3037.835,3034.285,0.0001,0
2025-03-24,long,2025-03-24 08:47:00-04:00,3021.825,3018.9249,3030.5252999999993,2025-03-24 09:24:00-04:00,3018.9249,sl,-100.0,-1.0,3021.665,2025-03-24 08:37:00-04:00,2025-03-24 08:47:00-04:00,2.9000999999998385,Uptrend,Uptrend,3018.925,3021.295,0.0001,0
2025-03-25,short,2025-03-25 09:17:00-04:00,3030.075,3035.9051000000004,3012.584699999998,2025-03-25 12:00:00-04:00,3022.785,close,125.04073686556377,1.2504073686556376,3026.305,2025-03-25 08:35:00-04:00,2025-03-25 09:17:00-04:00,5.830100000000584,Uptrend,Downtrend,3035.905,3031.318,0.0001,0
2025-03-26,long,2025-03-26 09:38:00-04:00,3018.705,3014.6749,3030.7952999999998,2025-03-26 10:00:00-04:00,3014.6749,sl,-100.0,-1.0,3016.855,2025-03-26 08:56:00-04:00,2025-03-26 09:38:00-04:00,4.030099999999948,Downtrend,Uptrend,3014.675,3018.205,0.0001,0
2025-03-27,long,2025-03-27 08:58:00-04:00,3039.845,3033.2949,3059.4952999999996,2025-03-27 09:50:00-04:00,3059.4952999999996,tp,300.0,3.0,3033.565,2025-03-27 08:40:00-04:00,2025-03-27 08:58:00-04:00,6.550099999999929,Downtrend,Downtrend,3033.295,3038.905,0.0001,0
2025-03-28,short,2025-03-28 08:01:00-04:00,3075.655,3081.7251,3057.4447000000005,2025-03-28 08:52:00-04:00,3081.7251,sl,-100.0,-1.0,3081.118,2025-03-28 07:54:00-04:00,2025-03-28 08:01:00-04:00,6.070099999999911,Downtrend,Downtrend,3081.725,3075.895,0.0001,0
2025-03-31,long,2025-03-31 09:53:00-04:00,3109.755,3099.6848999999997,3139.965300000001,2025-03-31 12:00:00-04:00,3115.345,close,55.5108688096393,0.555108688096393,3111.648,2025-03-31 09:32:00-04:00,2025-03-31 09:53:00-04:00,10.070100000000366,Downtrend,Downtrend,3099.685,3108.435,0.0001,0
2025-04-01,long,2025-04-01 10:42:00-04:00,3129.605,3123.5049,3147.9053000000004,2025-04-01 11:42:00-04:00,3123.5049,sl,-100.0,-1.0,3123.919,2025-04-01 10:14:00-04:00,2025-04-01 10:42:00-04:00,6.100100000000111,Downtrend,Uptrend,3123.505,3129.475,0.0001,0
2025-04-03,long,2025-04-03 07:43:00-04:00,3089.438,3085.0849,3102.497300000001,2025-04-03 08:22:00-04:00,3085.0849,sl,-100.0,-1.0,3088.075,2025-04-03 07:01:00-04:00,2025-04-03 07:43:00-04:00,4.353100000000268,Uptrend,Uptrend,3085.085,3089.325,0.0001,0
2025-04-04,short,2025-04-04 07:30:00-04:00,3124.218,3136.4351,3087.566699999999,2025-04-04 08:30:00-04:00,3087.566699999999,tp,300.0,3.0,3115.948,2025-04-04 07:06:00-04:00,2025-04-04 07:30:00-04:00,12.2171000000003,Uptrend,Uptrend,3136.435,3126.608,0.0001,0
2025-04-07,short,2025-04-07 07:38:00-04:00,3040.868,3045.9651000000003,3025.5766999999987,2025-04-07 08:06:00-04:00,3025.5766999999987,tp,300.0,3.0,3036.248,2025-04-07 07:03:00-04:00,2025-04-07 07:38:00-04:00,5.09710000000041,Uptrend,Uptrend,3045.965,3043.215,0.0001,0
2025-04-08,short,2025-04-08 07:40:00-04:00,3009.755,3014.0051000000003,2997.0046999999995,2025-04-08 07:52:00-04:00,3014.0051000000003,sl,-100.0,-1.0,3013.605,2025-04-08 07:21:00-04:00,2025-04-08 07:40:00-04:00,4.250100000000202,Downtrend,Uptrend,3014.005,3010.362,0.0001,0
2025-04-09,short,2025-04-09 08:19:00-04:00,3060.675,3072.8951,3024.0147,2025-04-09 09:35:00-04:00,3072.8951,sl,-100.0,-1.0,3052.229,2025-04-09 07:18:00-04:00,2025-04-09 08:19:00-04:00,12.220100000000002,Downtrend,Downtrend,3072.895,3061.245,0.0001,0
2025-04-10,short,2025-04-10 07:44:00-04:00,3121.975,3124.7251,3113.7246999999993,2025-04-10 07:59:00-04:00,3124.7251,sl,-99.99999999999999,-0.9999999999999999,3123.285,2025-04-10 07:30:00-04:00,2025-04-10 07:44:00-04:00,2.7501000000002023,Downtrend,Downtrend,3124.725,3122.115,0.0001,0
2025-04-11,short,2025-04-11 09:39:00-04:00,3232.955,3243.9451000000004,3199.9846999999986,2025-04-11 12:00:00-04:00,3239.095,close,-55.86846343527018,-0.5586846343527018,3237.325,2025-04-11 09:32:00-04:00,2025-04-11 09:39:00-04:00,10.990100000000439,Downtrend,Downtrend,3243.945,3238.495,0.0001,0
2025-04-14,long,2025-04-14 09:39:00-04:00,3199.855,3193.3149,3219.4753000000005,2025-04-14 12:00:00-04:00,3197.785,close,-31.650892188194543,-0.31650892188194546,3206.025,2025-04-14 08:40:00-04:00,2025-04-14 09:39:00-04:00,6.540100000000166,Downtrend,Uptrend,3193.315,3199.315,0.0001,0
2025-04-15,long,2025-04-15 07:51:00-04:00,3218.105,3216.5548999999996,3222.755300000001,2025-04-15 08:13:00-04:00,3222.755300000001,tp,300.0,3.0,3217.095,2025-04-15 07:48:00-04:00,2025-04-15 07:51:00-04:00,1.5501000000003842,Downtrend,Downtrend,3216.555,3217.795,0.0001,0
2025-04-16,short,2025-04-16 10:44:00-04:00,3309.515,3319.3351000000002,3280.054699999999,2025-04-16 11:40:00-04:00,3319.3351000000002,sl,-100.00000000000001,-1.0000000000000002,3317.575,2025-04-16 10:00:00-04:00,2025-04-16 10:44:00-04:00,9.820100000000366,Downtrend,Downtrend,3319.335,3310.405,0.0001,0
2025-04-17,short,2025-04-17 08:20:00-04:00,3331.885,3341.8151000000003,3302.0947,2025-04-17 10:29:00-04:00,3302.0947,tp,300.0,3.0,3333.585,2025-04-17 08:14:00-04:00,2025-04-17 08:20:00-04:00,9.930100000000039,Downtrend,Uptrend,3341.815,3333.215,0.0001,0
2025-04-21,short,2025-04-21 08:04:00-04:00,3404.325,3406.5351,3397.694699999999,2025-04-21 08:19:00-04:00,3406.5351,sl,-100.0,-1.0,3397.515,2025-04-21 07:35:00-04:00,2025-04-21 08:04:00-04:00,2.2101000000002387,Downtrend,Downtrend,3406.535,3405.355,0.0001,0
2025-04-22,long,2025-04-22 09:08:00-04:00,3436.155,3420.2149,3483.975300000001,2025-04-22 09:40:00-04:00,3420.2149,sl,-100.0,-1.0,3442.775,2025-04-22 08:44:00-04:00,2025-04-22 09:08:00-04:00,15.940100000000257,Uptrend,Uptrend,3420.215,3434.135,0.0001,0
2025-04-23,long,2025-04-23 10:14:00-04:00,3269.475,3259.4849,3299.4453,2025-04-23 12:00:00-04:00,3281.605,close,121.42020600394518,1.2142020600394519,3300.905,2025-04-23 09:19:00-04:00,2025-04-23 10:14:00-04:00,9.990099999999984,Uptrend,Uptrend,3259.485,3264.075,0.0001,0
2025-04-24,short,2025-04-24 07:58:00-04:00,3335.195,3343.5951,3309.9947000000006,2025-04-24 08:37:00-04:00,3343.5951,sl,-100.0,-1.0,3342.545,2025-04-24 07:33:00-04:00,2025-04-24 07:58:00-04:00,8.400099999999838,Uptrend,Uptrend,3343.595,3336.245,0.0001,0
2025-04-25,long,2025-04-25 08:00:00-04:00,3294.455,3287.5948999999996,3315.035300000001,2025-04-25 09:01:00-04:00,3287.5948999999996,sl,-100.0,-1.0,3291.735,2025-04-25 07:40:00-04:00,2025-04-25 08:00:00-04:00,6.86010000000033,Uptrend,Uptrend,3287.595,3294.375,0.0001,0
2025-04-28,short,2025-04-28 07:08:00-04:00,3288.765,3294.2551000000003,3272.2946999999986,2025-04-28 07:46:00-04:00,3294.2551000000003,sl,-100.00000000000001,-1.0000000000000002,3292.205,2025-04-28 07:05:00-04:00,2025-04-28 07:08:00-04:00,5.490100000000439,Uptrend,Downtrend,3294.255,3290.145,0.0001,0
2025-04-29,long,2025-04-29 08:24:00-04:00,3308.115,3300.2648999999997,3331.6653,2025-04-29 09:49:00-04:00,3300.2648999999997,sl,-100.0,-1.0,3306.005,2025-04-29 08:11:00-04:00,2025-04-29 08:24:00-04:00,7.850100000000111,Uptrend,Uptrend,3300.265,3306.965,0.0001,0
2025-04-30,long,2025-04-30 07:17:00-04:00,3277.285,3268.0548999999996,3304.9753000000005,2025-04-30 08:04:00-04:00,3268.0548999999996,sl,-100.00000000000001,-1.0000000000000002,3270.985,2025-04-30 07:02:00-04:00,2025-04-30 07:17:00-04:00,9.23010000000022,Uptrend,Uptrend,3268.055,3277.265,0.0001,0
2025-05-01,long,2025-05-01 08:18:00-04:00,3206.125,3201.6848999999997,3219.4453000000008,2025-05-01 08:28:00-04:00,3219.4453000000008,tp,300.0,3.0,3213.355,2025-05-01 07:46:00-04:00,2025-05-01 08:18:00-04:00,4.440100000000257,Uptrend,Uptrend,3201.685,3205.575,0.0001,0
2025-05-02,short,2025-05-02 07:50:00-04:00,3266.625,3268.8051,3260.0847,2025-05-02 08:21:00-04:00,3260.0847,tp,300.0,3.0,3266.885,2025-05-02 07:33:00-04:00,2025-05-02 07:50:00-04:00,2.1801000000000386,Downtrend,Uptrend,3268.805,3267.695,0.0001,0
2025-05-05,short,2025-05-05 07:31:00-04:00,3312.425,3318.7151000000003,3293.5546999999997,2025-05-05 08:18:00-04:00,3318.7151000000003,sl,-100.0,-1.0,3318.225,2025-05-05 07:15:00-04:00,2025-05-05 07:31:00-04:00,6.290100000000166,Downtrend,Downtrend,3318.715,3312.695,0.0001,0
2025-05-06,short,2025-05-06 07:26:00-04:00,3382.075,3384.8051,3373.884699999999,2025-05-06 07:41:00-04:00,3373.884699999999,tp,300.0,3.0,3383.895,2025-05-06 07:22:00-04:00,2025-05-06 07:26:00-04:00,2.7301000000002205,Downtrend,Downtrend,3384.805,3382.945,0.0001,0
2025-05-07,short,2025-05-07 10:00:00-04:00,3391.195,3397.8751,3371.1547,2025-05-07 12:00:00-04:00,3385.815,close,80.53771650125115,0.8053771650125116,3397.165,2025-05-07 09:48:00-04:00,2025-05-07 10:00:00-04:00,6.680100000000039,Uptrend,Uptrend,3397.875,3393.785,0.0001,0
2025-05-08,short,2025-05-08 08:43:00-04:00,3354.615,3358.1351000000004,3344.054699999998,2025-05-08 09:03:00-04:00,3358.1351000000004,sl,-100.0,-1.0,3349.085,2025-05-08 08:16:00-04:00,2025-05-08 08:43:00-04:00,3.520100000000639,Uptrend,Uptrend,3358.135,3355.905,0.0001,0
2025-05-09,short,2025-05-09 08:23:00-04:00,3331.915,3338.1051,3313.344699999999,2025-05-09 09:29:00-04:00,3338.1051,sl,-99.99999999999999,-0.9999999999999999,3331.995,2025-05-09 07:26:00-04:00,2025-05-09 08:23:00-04:00,6.190100000000257,Uptrend,Downtrend,3338.105,3331.985,0.0001,0
2025-05-13,long,2025-05-13 07:24:00-04:00,3258.325,3249.8648999999996,3283.7053000000005,2025-05-13 07:55:00-04:00,3249.8648999999996,sl,-100.0,-1.0,3250.165,2025-05-13 07:16:00-04:00,2025-05-13 07:24:00-04:00,8.460100000000239,Uptrend,Downtrend,3249.865,3257.485,0.0001,0
2025-05-14,long,2025-05-14 09:17:00-04:00,3183.385,3174.5049,3210.025300000001,2025-05-14 12:00:00-04:00,3182.285,close,-12.387247891356237,-0.12387247891356237,3223.995,2025-05-14 07:55:00-04:00,2025-05-14 09:17:00-04:00,8.880100000000311,Uptrend,Uptrend,3174.505,3179.825,0.0001,0
2025-05-15,short,2025-05-15 07:19:00-04:00,3176.965,3179.8451,3168.3247000000006,2025-05-15 08:04:00-04:00,3179.8451,sl,-99.99999999999999,-0.9999999999999999,3179.385,2025-05-15 07:01:00-04:00,2025-05-15 07:19:00-04:00,2.8800999999998567,Uptrend,Downtrend,3179.845,3177.295,0.0001,0
2025-05-16,long,2025-05-16 08:10:00-04:00,3160.075,3153.4748999999997,3179.8753,2025-05-16 08:38:00-04:00,3179.8753,tp,300.0,3.0,3168.585,2025-05-16 07:53:00-04:00,2025-05-16 08:10:00-04:00,6.600100000000111,Uptrend,Uptrend,3153.475,3158.755,0.0001,0
2025-05-19,short,2025-05-19 07:59:00-04:00,3243.595,3248.2851,3229.524699999999,2025-05-19 08:56:00-04:00,3229.524699999999,tp,300.0,3.0,3247.385,2025-05-19 07:47:00-04:00,2025-05-19 07:59:00-04:00,4.690100000000257,Downtrend,Downtrend,3248.285,3243.695,0.0001,0
2025-05-20,short,2025-05-20 08:03:00-04:00,3240.155,3241.9151,3234.8747000000003,2025-05-20 08:18:00-04:00,3234.8747000000003,tp,300.0,3.0,3239.235,2025-05-20 07:16:00-04:00,2025-05-20 08:03:00-04:00,1.7600999999999658,Downtrend,Downtrend,3241.915,3240.725,0.0001,0
2025-05-21,long,2025-05-21 08:46:00-04:00,3299.298,3290.6679,3325.1882999999993,2025-05-21 12:00:00-04:00,3310.995,close,135.5372475405883,1.3553724754058831,3303.725,2025-05-21 08:21:00-04:00,2025-05-21 08:46:00-04:00,8.630099999999857,Downtrend,Downtrend,3290.668,3298.835,0.0001,0
2025-05-22,long,2025-05-22 07:21:00-04:00,3293.725,3282.7848999999997,3326.5453000000007,2025-05-22 10:00:00-04:00,3282.7848999999997,sl,-100.0,-1.0,3282.898,2025-05-22 07:01:00-04:00,2025-05-22 07:21:00-04:00,10.940100000000257,Downtrend,Uptrend,3282.785,3293.615,0.0001,0
2025-05-23,short,2025-05-23 09:19:00-04:00,3353.308,3364.3981000000003,3320.037699999999,2025-05-23 12:00:00-04:00,3361.085,close,-70.12560752382575,-0.7012560752382575,3334.135,2025-05-23 07:44:00-04:00,2025-05-23 09:19:00-04:00,11.090100000000348,Downtrend,Downtrend,3364.398,3355.098,0.0001,0
2025-05-26,short,2025-05-26 10:21:00-04:00,3339.198,3341.3481,3332.747699999999,2025-05-26 12:00:00-04:00,3338.198,close,46.50946467605524,0.4650946467605524,3339.398,2025-05-26 10:01:00-04:00,2025-05-26 10:21:00-04:00,2.150100000000293,Uptrend,Downtrend,3341.348,3339.455,0.0001,0
2025-05-27,long,2025-05-27 08:04:00-04:00,3290.065,3287.5478999999996,3297.6163000000015,2025-05-27 08:27:00-04:00,3297.6163000000015,tp,300.0,3.0,3290.175,2025-05-27 07:19:00-04:00,2025-05-27 08:04:00-04:00,2.5171000000004824,Uptrend,Uptrend,3287.548,3289.648,0.0001,0
2025-05-28,long,2025-05-28 08:27:00-04:00,3309.938,3305.1449,3324.317300000001,2025-05-28 09:15:00-04:00,3305.1449,sl,-100.0,-1.0,3306.848,2025-05-28 08:12:00-04:00,2025-05-28 08:27:00-04:00,4.793100000000322,Uptrend,Uptrend,3305.145,3309.798,0.0001,0
2025-05-29,short,2025-05-29 07:53:00-04:00,3302.555,3305.2651,3294.424699999999,2025-05-29 08:15:00-04:00,3305.2651,sl,-100.00000000000001,-1.0000000000000002,3300.515,2025-05-29 07:29:00-04:00,2025-05-29 07:53:00-04:00,2.7101000000002387,Uptrend,Downtrend,3305.265,3302.998,0.0001,0
2025-05-30,long,2025-05-30 08:40:00-04:00,3303.948,3282.2749,3368.9673,2025-05-30 09:53:00-04:00,3282.2749,sl,-100.0,-1.0,3287.148,2025-05-30 08:10:00-04:00,2025-05-30 08:40:00-04:00,21.673099999999977,Downtrend,Uptrend,3282.275,3302.848,0.0001,0
2025-06-02,short,2025-06-02 07:48:00-04:00,3355.475,3360.0981,3341.605699999999,2025-06-02 08:22:00-04:00,3360.0981,sl,-100.00000000000001,-1.0000000000000002,3358.748,2025-06-02 07:39:00-04:00,2025-06-02 07:48:00-04:00,4.62310000000025,Downtrend,Downtrend,3360.098,3355.988,0.0001,0
2025-06-03,long,2025-06-03 08:21:00-04:00,3352.765,3348.7978999999996,3364.666300000001,2025-06-03 09:45:00-04:00,3348.7978999999996,sl,-100.0,-1.0,3352.245,2025-06-03 08:06:00-04:00,2025-06-03 08:21:00-04:00,3.9671000000003005,Downtrend,Uptrend,3348.798,3351.175,0.0001,0
2025-06-04,long,2025-06-04 07:51:00-04:00,3349.898,3343.4478999999997,3369.2483000000016,2025-06-04 10:29:00-04:00,3369.2483000000016,tp,300.0,3.0,3347.048,2025-06-04 07:23:00-04:00,2025-06-04 07:51:00-04:00,6.450100000000475,Downtrend,Downtrend,3343.448,3349.398,0.0001,0
2025-06-05,short,2025-06-05 07:10:00-04:00,3400.935,3402.4751,3396.3146999999994,2025-06-05 07:14:00-04:00,3402.4751,sl,-100.0,-1.0,3400.195,2025-06-05 07:01:00-04:00,2025-06-05 07:10:00-04:00,1.540100000000166,Uptrend,Uptrend,3402.475,3401.315,0.0001,0
2025-06-06,long,2025-06-06 09:08:00-04:00,3353.848,3343.1479,3385.9483,2025-06-06 09:57:00-04:00,3343.1479,sl,-100.0,-1.0,3352.615,2025-06-06 08:30:00-04:00,2025-06-06 09:08:00-04:00,10.70010000000002,Uptrend,Uptrend,3343.148,3350.115,0.0001,0
2025-06-09,long,2025-06-09 09:24:00-04:00,3312.125,3310.5249,3316.9253000000003,2025-06-09 09:31:00-04:00,3316.9253000000003,tp,300.0,3.0,3311.979,2025-06-09 09:22:00-04:00,2025-06-09 09:24:00-04:00,1.6001000000001113,Uptrend,Downtrend,3310.525,3311.725,0.0001,0
2025-06-10,short,2025-06-10 07:34:00-04:00,3339.895,3342.2981,3332.6857,2025-06-10 07:59:00-04:00,3332.6857,tp,300.0,3.0,3336.035,2025-06-10 07:02:00-04:00,2025-06-10 07:34:00-04:00,2.403099999999995,Downtrend,Downtrend,3342.298,3341.025,0.0001,0
2025-06-11,long,2025-06-11 07:06:00-04:00,3330.535,3325.7549,3344.8752999999997,2025-06-11 08:30:00-04:00,3344.8752999999997,tp,300.0,3.0,3328.195,2025-06-11 07:02:00-04:00,2025-06-11 07:06:00-04:00,4.780099999999948,Downtrend,Uptrend,3325.755,3329.028,0.0001,0
2025-06-12,short,2025-06-12 07:16:00-04:00,3382.545,3388.3551,3365.1146999999996,2025-06-12 08:38:00-04:00,3388.3551,sl,-100.0,-1.0,3385.655,2025-06-12 07:03:00-04:00,2025-06-12 07:16:00-04:00,5.810100000000148,Downtrend,Downtrend,3388.355,3383.715,0.0001,0
2025-06-13,short,2025-06-13 09:39:00-04:00,3444.055,3446.6481000000003,3436.2756999999983,2025-06-13 09:47:00-04:00,3436.2756999999983,tp,300.0,3.0,3427.545,2025-06-13 08:28:00-04:00,2025-06-13 09:39:00-04:00,2.5931000000005042,Downtrend,Downtrend,3446.648,3444.948,0.0001,0
2025-06-16,short,2025-06-16 07:25:00-04:00,3420.548,3422.4551,3414.8266999999987,2025-06-16 07:45:00-04:00,3414.8266999999987,tp,300.0,3.0,3421.735,2025-06-16 07:01:00-04:00,2025-06-16 07:25:00-04:00,1.907100000000355,Uptrend,Uptrend,3422.455,3420.605,0.0001,0
2025-06-17,short,2025-06-17 07:12:00-04:00,3397.115,3399.9481,3388.615699999999,2025-06-17 07:58:00-04:00,3388.615699999999,tp,300.0,3.0,3398.595,2025-06-17 07:04:00-04:00,2025-06-17 07:12:00-04:00,2.833100000000286,Uptrend,Uptrend,3399.948,3397.485,0.0001,0
2025-06-18,short,2025-06-18 08:45:00-04:00,3388.085,3389.6451,3383.4046999999996,2025-06-18 09:08:00-04:00,3389.6451,sl,-100.0,-1.0,3388.205,2025-06-18 08:34:00-04:00,2025-06-18 08:45:00-04:00,1.5601000000001477,Uptrend,Uptrend,3389.645,3388.705,0.0001,0
2025-06-20,long,2025-06-20 09:04:00-04:00,3346.448,3341.7149,3360.6472999999996,2025-06-20 09:31:00-04:00,3360.6472999999996,tp,300.0,3.0,3343.145,2025-06-20 08:32:00-04:00,2025-06-20 09:04:00-04:00,4.733099999999922,Downtrend,Downtrend,3341.715,3345.598,0.0001,0
2025-06-23,short,2025-06-23 08:02:00-04:00,3377.485,3381.8481,3364.3957,2025-06-23 08:16:00-04:00,3364.3957,tp,300.0,3.0,3369.955,2025-06-23 07:01:00-04:00,2025-06-23 08:02:00-04:00,4.363100000000031,Uptrend,Downtrend,3381.848,3377.635,0.0001,0
2025-06-24,long,2025-06-24 08:48:00-04:00,3311.085,3304.4078999999997,3331.116300000001,2025-06-24 09:36:00-04:00,3304.4078999999997,sl,-100.0,-1.0,3316.298,2025-06-24 08:12:00-04:00,2025-06-24 08:48:00-04:00,6.677100000000337,Uptrend,Uptrend,3304.408,3309.948,0.0001,0
2025-06-25,long,2025-06-25 09:41:00-04:00,3314.125,3311.7048999999997,3321.385300000001,2025-06-25 10:07:00-04:00,3321.385300000001,tp,300.0,3.0,3321.348,2025-06-25 08:43:00-04:00,2025-06-25 09:41:00-04:00,2.420100000000275,Uptrend,Uptrend,3311.705,3314.095,0.0001,0
2025-06-26,long,2025-06-26 08:03:00-04:00,3334.615,3331.2349,3344.7552999999994,2025-06-26 08:36:00-04:00,3331.2349,sl,-100.0,-1.0,3338.0,2025-06-26 07:34:00-04:00,2025-06-26 08:03:00-04:00,3.3800999999998567,Uptrend,Uptrend,3331.235,3334.045,0.0001,0
2025-06-27,long,2025-06-27 08:17:00-04:00,3275.225,3272.1249,3284.5253000000002,2025-06-27 08:35:00-04:00,3272.1249,sl,-100.0,-1.0,3279.545,2025-06-27 07:38:00-04:00,2025-06-27 08:17:00-04:00,3.1001000000001113,Uptrend,Uptrend,3272.125,3275.198,0.0001,0
2025-06-30,long,2025-06-30 08:00:00-04:00,3279.815,3274.4049,3296.0453,2025-06-30 12:00:00-04:00,3289.405,close,177.26104877913616,1.7726104877913615,3277.245,2025-06-30 07:22:00-04:00,2025-06-30 08:00:00-04:00,5.410100000000057,Downtrend,Downtrend,3274.405,3278.405,0.0001,0
2025-07-01,short,2025-07-01 07:32:00-04:00,3350.225,3352.8251,3342.4246999999996,2025-07-01 08:20:00-04:00,3352.8251,sl,-100.0,-1.0,3349.535,2025-07-01 07:03:00-04:00,2025-07-01 07:32:00-04:00,2.6001000000001113,Downtrend,Downtrend,3352.825,3351.055,0.0001,0
2025-07-02,short,2025-07-02 07:16:00-04:00,3342.468,3347.5481,3327.2276999999995,2025-07-02 08:17:00-04:00,3347.5481,sl,-100.00000000000001,-1.0000000000000002,3345.465,2025-07-02 07:01:00-04:00,2025-07-02 07:16:00-04:00,5.0801000000001295,Uptrend,Downtrend,3347.548,3344.318,0.0001,0
2025-07-03,long,2025-07-03 07:54:00-04:00,3345.415,3342.8648999999996,3353.065300000001,2025-07-03 08:10:00-04:00,3342.8648999999996,sl,-100.0,-1.0,3343.698,2025-07-03 07:52:00-04:00,2025-07-03 07:54:00-04:00,2.550100000000384,Uptrend,Uptrend,3342.865,3344.735,0.0001,0
2025-07-04,long,2025-07-04 09:05:00-04:00,3333.448,3331.1888999999996,3340.2253000000005,2025-07-04 10:19:00-04:00,3331.1888999999996,sl,-99.99999999999999,-0.9999999999999999,3331.305,2025-07-04 08:46:00-04:00,2025-07-04 09:05:00-04:00,2.259100000000217,Uptrend,Uptrend,3331.189,3333.148,0.0001,0
2025-07-07,short,2025-07-07 10:20:00-04:00,3317.379,3318.8581000000004,3312.9416999999985,2025-07-07 10:40:00-04:00,3318.8581000000004,sl,-100.0,-1.0,3313.048,2025-07-07 09:52:00-04:00,2025-07-07 10:20:00-04:00,1.4791000000004715,Uptrend,Downtrend,3318.858,3317.695,0.0001,0
2025-07-08,long,2025-07-08 07:58:00-04:00,3324.565,3319.7149,3339.1153000000004,2025-07-08 09:16:00-04:00,3319.7149,sl,-99.99999999999999,-0.9999999999999999,3320.335,2025-07-08 07:41:00-04:00,2025-07-08 07:58:00-04:00,4.850100000000111,Uptrend,Uptrend,3319.715,3324.455,0.0001,0
2025-07-09,short,2025-07-09 09:22:00-04:00,3296.888,3299.3451,3289.5166999999997,2025-07-09 09:50:00-04:00,3299.3451,sl,-100.0,-1.0,3295.805,2025-07-09 08:51:00-04:00,2025-07-09 09:22:00-04:00,2.457100000000082,Uptrend,Downtrend,3299.345,3297.195,0.0001,0
2025-07-10,long,2025-07-10 08:21:00-04:00,3321.048,3317.6578999999997,3331.2183,2025-07-10 09:47:00-04:00,3317.6578999999997,sl,-100.0,-1.0,3319.698,2025-07-10 07:56:00-04:00,2025-07-10 08:21:00-04:00,3.390100000000075,Downtrend,Uptrend,3317.658,3320.248,0.0001,0
2025-07-11,short,2025-07-11 07:17:00-04:00,3346.358,3348.1251,3341.0567,2025-07-11 07:37:00-04:00,3348.1251,sl,-100.0,-1.0,3348.008,2025-07-11 07:14:00-04:00,2025-07-11 07:17:00-04:00,1.7671000000000276,Downtrend,Downtrend,3348.125,3347.235,0.0001,0
2025-07-14,long,2025-07-14 09:14:00-04:00,3353.005,3346.9849,3371.0653000000007,2025-07-14 10:22:00-04:00,3346.9849,sl,-99.99999999999999,-0.9999999999999999,3363.648,2025-07-14 07:59:00-04:00,2025-07-14 09:14:00-04:00,6.020100000000184,Uptrend,Uptrend,3346.985,3352.505,0.0001,0
2025-07-15,long,2025-07-15 08:20:00-04:00,3351.335,3349.1288999999997,3357.953300000001,2025-07-15 08:30:00-04:00,3357.953300000001,tp,300.0,3.0,3356.345,2025-07-15 07:44:00-04:00,2025-07-15 08:20:00-04:00,2.2061000000003332,Uptrend,Uptrend,3349.129,3351.145,0.0001,0
2025-07-16,long,2025-07-16 07:40:00-04:00,3336.455,3333.5849,3345.0653,2025-07-16 08:27:00-04:00,3333.5849,sl,-99.99999999999999,-0.9999999999999999,3333.898,2025-07-16 07:22:00-04:00,2025-07-16 07:40:00-04:00,2.870100000000093,Uptrend,Downtrend,3333.585,3336.299,0.0001,0
2025-07-17,long,2025-07-17 08:13:00-04:00,3325.745,3321.9548999999997,3337.1153000000004,2025-07-17 08:30:00-04:00,3321.9548999999997,sl,-100.0,-1.0,3323.119,2025-07-17 07:01:00-04:00,2025-07-17 08:13:00-04:00,3.790100000000166,Uptrend,Uptrend,3321.955,3325.185,0.0001,0
2025-07-18,short,2025-07-18 08:23:00-04:00,3357.885,3359.8151000000003,3352.0947,2025-07-18 08:32:00-04:00,3359.8151000000003,sl,-100.0,-1.0,3354.705,2025-07-18 07:39:00-04:00,2025-07-18 08:23:00-04:00,1.9301000000000386,Downtrend,Downtrend,3359.815,3358.305,0.0001,0
2025-07-21,short,2025-07-21 09:22:00-04:00,3388.045,3389.4551,3383.8147,2025-07-21 09:32:00-04:00,3383.8147,tp,300.0,3.0,3370.245,2025-07-21 07:16:00-04:00,2025-07-21 09:22:00-04:00,1.4101000000000568,Downtrend,Downtrend,3389.455,3388.485,0.0001,0
2025-07-22,short,2025-07-22 09:54:00-04:00,3416.198,3419.9451000000004,3404.9566999999984,2025-07-22 10:00:00-04:00,3404.9566999999984,tp,300.0,3.0,3390.435,2025-07-22 07:51:00-04:00,2025-07-22 09:54:00-04:00,3.7471000000005006,Downtrend,Downtrend,3419.945,3418.008,0.0001,0
2025-07-23,long,2025-07-23 09:40:00-04:00,3409.735,3405.2679,3423.136300000001,2025-07-23 11:55:00-04:00,3405.2679,sl,-100.0,-1.0,3419.708,2025-07-23 08:59:00-04:00,2025-07-23 09:40:00-04:00,4.4671000000003005,Uptrend,Uptrend,3405.268,3408.948,0.0001,0
2025-07-24,long,2025-07-24 08:16:00-04:00,3362.248,3357.8749,3375.367300000001,2025-07-24 08:41:00-04:00,3357.8749,sl,-100.0,-1.0,3361.815,2025-07-24 07:30:00-04:00,2025-07-24 08:16:00-04:00,4.37310000000025,Uptrend,Uptrend,3357.875,3361.885,0.0001,0
2025-07-25,long,2025-07-25 07:42:00-04:00,3340.025,3338.4649,3344.7053000000005,2025-07-25 08:34:00-04:00,3338.4649,sl,-100.0,-1.0,3340.769,2025-07-25 07:27:00-04:00,2025-07-25 07:42:00-04:00,1.5601000000001477,Uptrend,Uptrend,3338.465,3339.945,0.0001,0
2025-07-28,long,2025-07-28 08:52:00-04:00,3327.348,3325.3448999999996,3333.357300000001,2025-07-28 09:32:00-04:00,3325.3448999999996,sl,-100.0,-1.0,3332.065,2025-07-28 08:15:00-04:00,2025-07-28 08:52:00-04:00,2.0031000000003587,Uptrend,Uptrend,3325.345,3326.875,0.0001,0
2025-07-29,short,2025-07-29 11:13:00-04:00,3329.989,3333.9081,3318.2317,2025-07-29 12:00:00-04:00,3319.885,close,257.81429409812534,2.5781429409812535,3329.735,2025-07-29 11:04:00-04:00,2025-07-29 11:13:00-04:00,3.9191000000000713,Uptrend,Downtrend,3333.908,3330.165,0.0001,0
2025-07-30,long,2025-07-30 07:14:00-04:00,3326.925,3324.9548999999997,3332.8353000000016,2025-07-30 07:46:00-04:00,3324.9548999999997,sl,-100.0,-1.0,3325.348,2025-07-30 07:06:00-04:00,2025-07-30 07:14:00-04:00,1.970100000000457,Uptrend,Uptrend,3324.955,3326.555,0.0001,0
2025-07-31,long,2025-07-31 11:08:00-04:00,3294.998,3291.0548999999996,3306.8273000000013,2025-07-31 12:00:00-04:00,3294.875,close,-3.119373082093642,-0.03119373082093642,3293.555,2025-07-31 10:34:00-04:00,2025-07-31 11:08:00-04:00,3.9431000000004133,Downtrend,Uptrend,3291.055,3294.298,0.0001,0
2025-08-01,short,2025-08-01 09:23:00-04:00,3349.855,3354.4551,3336.0546999999997,2025-08-01 10:24:00-04:00,3354.4551,sl,-100.0,-1.0,3302.905,2025-08-01 08:21:00-04:00,2025-08-01 09:23:00-04:00,4.600100000000111,Downtrend,Downtrend,3354.455,3351.175,0.0001,0
2025-08-04,short,2025-08-04 08:06:00-04:00,3369.515,3371.3481,3364.015699999999,2025-08-04 08:29:00-04:00,3364.015699999999,tp,300.0,3.0,3362.415,2025-08-04 07:06:00-04:00,2025-08-04 08:06:00-04:00,1.833100000000286,Downtrend,Downtrend,3371.348,3369.545,0.0001,0
2025-08-05,long,2025-08-05 07:42:00-04:00,3351.915,3349.6389,3358.7433,2025-08-05 08:25:00-04:00,3358.7433,tp,300.0,3.0,3351.205,2025-08-05 07:32:00-04:00,2025-08-05 07:42:00-04:00,2.276100000000042,Downtrend,Downtrend,3349.639,3351.695,0.0001,0
2025-08-06,short,2025-08-06 11:15:00-04:00,3377.395,3379.7981,3370.1857,2025-08-06 11:40:00-04:00,3370.1857,tp,300.0,3.0,3376.945,2025-08-06 10:30:00-04:00,2025-08-06 11:15:00-04:00,2.403099999999995,Downtrend,Uptrend,3379.798,3377.415,0.0001,0
2025-08-08,long,2025-08-08 07:41:00-04:00,3385.329,3380.0348999999997,3401.2113000000018,2025-08-08 08:37:00-04:00,3401.2113000000018,tp,300.0,3.0,3383.725,2025-08-08 07:18:00-04:00,2025-08-08 07:41:00-04:00,5.294100000000526,Uptrend,Uptrend,3380.035,3385.035,0.0001,0
2025-08-11,long,2025-08-11 07:38:00-04:00,3351.275,3349.5049,3356.5853000000006,2025-08-11 08:07:00-04:00,3356.5853000000006,tp,300.0,3.0,3352.685,2025-08-11 07:23:00-04:00,2025-08-11 07:38:00-04:00,1.770100000000184,Uptrend,Uptrend,3349.505,3351.005,0.0001,0
2025-08-12,long,2025-08-12 07:31:00-04:00,3343.395,3339.0978999999998,3356.2863000000007,2025-08-12 07:35:00-04:00,3339.0978999999998,sl,-100.0,-1.0,3343.339,2025-08-12 07:01:00-04:00,2025-08-12 07:31:00-04:00,4.297100000000228,Uptrend,Downtrend,3339.098,3343.345,0.0001,0
2025-08-13,short,2025-08-13 10:16:00-04:00,3365.585,3370.5051000000003,3350.824699999999,2025-08-13 12:00:00-04:00,3357.809,close,158.04556817949646,1.5804556817949647,3366.865,2025-08-13 10:03:00-04:00,2025-08-13 10:16:00-04:00,4.920100000000275,Uptrend,Downtrend,3370.505,3366.115,0.0001,0
2025-08-14,long,2025-08-14 08:43:00-04:00,3352.165,3340.7398999999996,3386.440300000001,2025-08-14 10:05:00-04:00,3340.7398999999996,sl,-100.00000000000001,-1.0000000000000002,3341.278,2025-08-14 08:30:00-04:00,2025-08-14 08:43:00-04:00,11.425100000000384,Uptrend,Uptrend,3340.74,3351.285,0.0001,0
2025-08-15,long,2025-08-15 08:33:00-04:00,3337.475,3333.3478999999998,3349.8563000000004,2025-08-15 09:51:00-04:00,3333.3478999999998,sl,-100.0,-1.0,3336.005,2025-08-15 08:31:00-04:00,2025-08-15 08:33:00-04:00,4.127100000000155,Uptrend,Downtrend,3333.348,3336.915,0.0001,0
2025-08-18,long,2025-08-18 09:22:00-04:00,3342.259,3340.1848999999997,3348.481300000001,2025-08-18 09:34:00-04:00,3340.1848999999997,sl,-100.0,-1.0,3344.248,2025-08-18 08:54:00-04:00,2025-08-18 09:22:00-04:00,2.0741000000002714,Uptrend,Uptrend,3340.185,3341.959,0.0001,0
2025-08-19,long,2025-08-19 09:24:00-04:00,3330.905,3325.4999,3347.1203000000014,2025-08-19 10:47:00-04:00,3325.4999,sl,-100.00000000000001,-1.0000000000000002,3334.795,2025-08-19 08:42:00-04:00,2025-08-19 09:24:00-04:00,5.405100000000402,Uptrend,Uptrend,3325.5,3330.095,0.0001,0
2025-08-20,short,2025-08-20 07:38:00-04:00,3330.055,3331.4451000000004,3325.8846999999982,2025-08-20 07:56:00-04:00,3331.4451000000004,sl,-100.0,-1.0,3327.729,2025-08-20 07:07:00-04:00,2025-08-20 07:38:00-04:00,1.3901000000005297,Downtrend,Downtrend,3331.445,3330.345,0.0001,0
2025-08-21,long,2025-08-21 07:13:00-04:00,3328.748,3324.9478999999997,3340.148300000001,2025-08-21 08:07:00-04:00,3340.148300000001,tp,300.0,3.0,3327.265,2025-08-21 07:01:00-04:00,2025-08-21 07:13:00-04:00,3.800100000000384,Downtrend,Downtrend,3324.948,3328.498,0.0001,0
2025-08-22,long,2025-08-22 09:01:00-04:00,3324.775,3321.0449,3335.9653000000008,2025-08-22 10:00:00-04:00,3335.9653000000008,tp,300.0,3.0,3325.165,2025-08-22 08:12:00-04:00,2025-08-22 09:01:00-04:00,3.7301000000002205,Downtrend,Downtrend,3321.045,3324.725,0.0001,0
2025-08-25,short,2025-08-25 08:03:00-04:00,3369.535,3371.3751,3364.014699999999,2025-08-25 08:59:00-04:00,3364.014699999999,tp,300.0,3.0,3369.695,2025-08-25 07:44:00-04:00,2025-08-25 08:03:00-04:00,1.8401000000003478,Downtrend,Downtrend,3371.375,3369.548,0.0001,0
2025-08-26,short,2025-08-26 07:50:00-04:00,3378.015,3380.2351000000003,3371.3546999999985,2025-08-26 08:59:00-04:00,3371.3546999999985,tp,300.0,3.0,3379.725,2025-08-26 07:45:00-04:00,2025-08-26 07:50:00-04:00,2.220100000000457,Downtrend,Downtrend,3380.235,3378.545,0.0001,0
2025-08-27,short,2025-08-27 11:47:00-04:00,3387.135,3390.1581,3378.0657000000006,2025-08-27 12:00:00-04:00,3387.615,close,-15.877741391273249,-0.15877741391273248,3385.325,2025-08-27 10:55:00-04:00,2025-08-27 11:47:00-04:00,3.0230999999998858,Downtrend,Downtrend,3390.158,3388.025,0.0001,0
2025-08-28,short,2025-08-28 07:51:00-04:00,3404.835,3407.4851000000003,3396.884699999999,2025-08-28 08:07:00-04:00,3407.4851000000003,sl,-99.99999999999999,-0.9999999999999999,3401.415,2025-08-28 07:24:00-04:00,2025-08-28 07:51:00-04:00,2.650100000000293,Downtrend,Downtrend,3407.485,3405.115,0.0001,0
2025-08-29,long,2025-08-29 07:15:00-04:00,3405.285,3404.1848999999997,3408.5853,2025-08-29 07:47:00-04:00,3408.5853,tp,300.0,3.0,3404.585,2025-08-29 07:07:00-04:00,2025-08-29 07:15:00-04:00,1.1001000000001113,Downtrend,Downtrend,3404.185,3405.025,0.0001,0
2025-09-01,short,2025-09-01 10:42:00-04:00,3474.625,3481.1651,3455.0046999999995,2025-09-01 12:00:00-04:00,3473.555,close,16.36060610694235,0.1636060610694235,3480.625,2025-09-01 10:22:00-04:00,2025-09-01 10:42:00-04:00,6.540100000000166,Downtrend,Downtrend,3481.165,3474.965,0.0001,0
2025-09-02,short,2025-09-02 08:11:00-04:00,3489.375,3493.9851000000003,3475.544699999999,2025-09-02 08:39:00-04:00,3475.544699999999,tp,300.0,3.0,3488.085,2025-09-02 07:55:00-04:00,2025-09-02 08:11:00-04:00,4.61010000000033,Downtrend,Downtrend,3493.985,3490.315,0.0001,0
2025-09-03,short,2025-09-03 07:45:00-04:00,3547.465,3549.3851000000004,3541.7046999999993,2025-09-03 08:18:00-04:00,3541.7046999999993,tp,300.0,3.0,3541.785,2025-09-03 07:01:00-04:00,2025-09-03 07:45:00-04:00,1.920100000000275,Downtrend,Downtrend,3549.385,3548.255,0.0001,0
2025-09-04,short,2025-09-04 08:24:00-04:00,3545.885,3551.6481000000003,3528.5957,2025-09-04 09:23:00-04:00,3551.6481000000003,sl,-100.00000000000001,-1.0000000000000002,3546.825,2025-09-04 07:48:00-04:00,2025-09-04 08:24:00-04:00,5.763100000000122,Downtrend,Uptrend,3551.648,3546.495,0.0001,0
2025-09-05,short,2025-09-05 07:19:00-04:00,3550.955,3554.9851000000003,3538.8646999999987,2025-09-05 08:30:00-04:00,3554.9851000000003,sl,-100.0,-1.0,3554.118,2025-09-05 07:11:00-04:00,2025-09-05 07:19:00-04:00,4.030100000000402,Downtrend,Downtrend,3554.985,3551.305,0.0001,0
2025-09-08,short,2025-09-08 09:31:00-04:00,3621.358,3631.7851,3590.0767000000005,2025-09-08 09:45:00-04:00,3631.7851,sl,-100.0,-1.0,3622.245,2025-09-08 08:53:00-04:00,2025-09-08 09:31:00-04:00,10.427099999999882,Downtrend,Downtrend,3631.785,3623.618,0.0001,0
2025-09-09,short,2025-09-09 09:54:00-04:00,3664.695,3667.2451,3657.0447000000004,2025-09-09 09:56:00-04:00,3667.2451,sl,-100.0,-1.0,3656.495,2025-09-09 09:25:00-04:00,2025-09-09 09:54:00-04:00,2.5500999999999294,Downtrend,Uptrend,3667.245,3664.765,0.0001,0
2025-09-10,long,2025-09-10 09:09:00-04:00,3647.025,3640.0078999999996,3668.0763000000015,2025-09-10 11:24:00-04:00,3640.0078999999996,sl,-100.0,-1.0,3640.835,2025-09-10 08:52:00-04:00,2025-09-10 09:09:00-04:00,7.017100000000482,Uptrend,Uptrend,3640.008,3646.598,0.0001,0
2025-09-11,long,2025-09-11 09:01:00-04:00,3631.945,3611.4649,3693.385300000001,2025-09-11 12:00:00-04:00,3633.215,close,6.201141595988145,0.062011415959881445,3613.945,2025-09-11 08:30:00-04:00,2025-09-11 09:01:00-04:00,20.48010000000022,Uptrend,Uptrend,3611.465,3630.748,0.0001,0
2025-09-12,short,2025-09-12 10:27:00-04:00,3653.285,3654.1851,3650.584699999999,2025-09-12 10:35:00-04:00,3650.584699999999,tp,300.0,3.0,3653.665,2025-09-12 10:16:00-04:00,2025-09-12 10:27:00-04:00,0.9001000000002932,Downtrend,Downtrend,3654.185,3653.335,0.0001,0
2025-09-15,short,2025-09-15 07:46:00-04:00,3644.718,3646.6151,3639.0266999999994,2025-09-15 08:16:00-04:00,3639.0266999999994,tp,300.0,3.0,3646.265,2025-09-15 07:42:00-04:00,2025-09-15 07:46:00-04:00,1.8971000000001368,Downtrend,Downtrend,3646.615,3645.585,0.0001,0
2025-09-16,short,2025-09-16 07:55:00-04:00,3696.835,3699.3651,3689.2447,2025-09-16 08:30:00-04:00,3689.2447,tp,300.0,3.0,3698.765,2025-09-16 07:51:00-04:00,2025-09-16 07:55:00-04:00,2.5300999999999476,Downtrend,Downtrend,3699.365,3697.825,0.0001,0
2025-09-17,short,2025-09-17 09:00:00-04:00,3677.365,3679.2651,3671.664699999999,2025-09-17 09:34:00-04:00,3679.2651,sl,-100.0,-1.0,3677.175,2025-09-17 08:48:00-04:00,2025-09-17 09:00:00-04:00,1.9001000000002932,Uptrend,Downtrend,3679.265,3677.935,0.0001,0
2025-09-18,long,2025-09-18 09:51:00-04:00,3639.498,3627.4649,3675.5973000000004,2025-09-18 12:00:00-04:00,3641.815,close,19.255221015365844,0.19255221015365845,3635.325,2025-09-18 09:42:00-04:00,2025-09-18 09:51:00-04:00,12.033100000000104,Uptrend,Uptrend,3627.465,3639.075,0.0001,0
2025-09-19,long,2025-09-19 09:04:00-04:00,3647.295,3643.4948999999997,3658.695300000001,2025-09-19 09:37:00-04:00,3658.695300000001,tp,300.0,3.0,3644.315,2025-09-19 08:51:00-04:00,2025-09-19 09:04:00-04:00,3.800100000000384,Downtrend,Downtrend,3643.495,3645.115,0.0001,0
2025-09-24,long,2025-09-24 07:14:00-04:00,3762.925,3759.4748999999997,3773.2753000000016,2025-09-24 09:46:00-04:00,3759.4748999999997,sl,-100.0,-1.0,3759.565,2025-09-24 07:10:00-04:00,2025-09-24 07:14:00-04:00,3.450100000000475,Downtrend,Uptrend,3759.475,3761.865,0.0001,0
2025-09-25,long,2025-09-25 09:18:00-04:00,3740.785,3730.4249,3771.8652999999995,2025-09-25 09:40:00-04:00,3730.4249,sl,-100.00000000000001,-1.0000000000000002,3739.845,2025-09-25 08:36:00-04:00,2025-09-25 09:18:00-04:00,10.360099999999875,Downtrend,Uptrend,3730.425,3737.695,0.0001,0
2025-09-26,short,2025-09-26 09:24:00-04:00,3754.995,3766.0651000000003,3721.784699999999,2025-09-26 10:02:00-04:00,3766.0651000000003,sl,-100.0,-1.0,3754.975,2025-09-26 08:31:00-04:00,2025-09-26 09:24:00-04:00,11.070100000000366,Downtrend,Downtrend,3766.065,3756.865,0.0001,0
2025-09-29,short,2025-09-29 08:01:00-04:00,3826.438,3831.2051,3812.1367,2025-09-29 08:55:00-04:00,3812.1367,tp,300.0,3.0,3819.565,2025-09-29 07:15:00-04:00,2025-09-29 08:01:00-04:00,4.767100000000028,Downtrend,Downtrend,3831.205,3828.335,0.0001,0
2025-10-01,long,2025-10-01 11:35:00-04:00,3863.748,3856.3149,3886.0473000000006,2025-10-01 12:00:00-04:00,3866.075,close,31.305915432319082,0.3130591543231908,3858.805,2025-10-01 10:48:00-04:00,2025-10-01 11:35:00-04:00,7.433100000000195,Downtrend,Downtrend,3856.315,3863.415,0.0001,0
2025-10-02,short,2025-10-02 08:11:00-04:00,3887.775,3891.8851000000004,3875.444699999999,2025-10-02 09:13:00-04:00,3891.8851000000004,sl,-100.0,-1.0,3883.625,2025-10-02 07:16:00-04:00,2025-10-02 08:11:00-04:00,4.11010000000033,Downtrend,Uptrend,3891.885,3888.155,0.0001,0
2025-10-03,long,2025-10-03 07:47:00-04:00,3860.845,3854.5478999999996,3879.7363000000005,2025-10-03 09:19:00-04:00,3879.7363000000005,tp,300.0,3.0,3856.675,2025-10-03 07:34:00-04:00,2025-10-03 07:47:00-04:00,6.297100000000228,Downtrend,Downtrend,3854.548,3860.725,0.0001,0
2025-10-06,long,2025-10-06 08:43:00-04:00,3931.325,3926.4449,3945.9652999999994,2025-10-06 09:45:00-04:00,3945.9652999999994,tp,300.0,3.0,3929.005,2025-10-06 08:29:00-04:00,2025-10-06 08:43:00-04:00,4.880099999999857,Downtrend,Downtrend,3926.445,3931.075,0.0001,0
2025-10-07,short,2025-10-07 08:19:00-04:00,3970.925,3972.0851000000002,3967.4447,2025-10-07 08:20:00-04:00,3967.4447,tp,300.0,3.0,3963.305,2025-10-07 07:39:00-04:00,2025-10-07 08:19:00-04:00,1.1601000000000568,Downtrend,Downtrend,3972.085,3971.035,0.0001,0
2025-10-08,long,2025-10-08 09:49:00-04:00,4033.615,4026.0548999999996,4056.2953,2025-10-08 12:00:00-04:00,4045.085,close,151.71756987341476,1.5171756987341476,4029.975,2025-10-08 09:36:00-04:00,2025-10-08 09:49:00-04:00,7.560100000000148,Uptrend,Downtrend,4026.055,4032.915,0.0001,0
2025-10-09,short,2025-10-09 09:09:00-04:00,4053.795,4057.1351000000004,4043.774699999999,2025-10-09 09:10:00-04:00,4057.1351000000004,sl,-100.0,-1.0,4046.455,2025-10-09 08:46:00-04:00,2025-10-09 09:09:00-04:00,3.340100000000348,Uptrend,Uptrend,4057.135,4054.845,0.0001,0
2025-10-10,short,2025-10-10 11:38:00-04:00,4013.585,4022.7481000000002,3986.0956999999994,2025-10-10 12:00:00-04:00,3995.798,close,194.1155285874851,1.941155285874851,4006.385,2025-10-10 11:06:00-04:00,2025-10-10 11:38:00-04:00,9.163100000000213,Downtrend,Downtrend,4022.748,4017.018,0.0001,0
2025-10-13,short,2025-10-13 08:35:00-04:00,4081.305,4085.7851,4067.864699999999,2025-10-13 09:09:00-04:00,4085.7851,sl,-100.0,-1.0,4085.065,2025-10-13 08:31:00-04:00,2025-10-13 08:35:00-04:00,4.4801000000002205,Downtrend,Downtrend,4085.785,4081.775,0.0001,0
2025-10-14,long,2025-10-14 09:07:00-04:00,4105.115,4097.5979,4127.6663,2025-10-14 09:44:00-04:00,4127.6663,tp,300.0,3.0,4102.325,2025-10-14 09:00:00-04:00,2025-10-14 09:07:00-04:00,7.517100000000028,Downtrend,Uptrend,4097.598,4104.348,0.0001,0
2025-10-16,short,2025-10-16 07:50:00-04:00,4241.488,4247.3551,4223.886700000002,2025-10-16 08:34:00-04:00,4247.3551,sl,-99.99999999999999,-0.9999999999999999,4245.905,2025-10-16 07:26:00-04:00,2025-10-16 07:50:00-04:00,5.867099999999482,Downtrend,Downtrend,4247.355,4241.725,0.0001,0
2025-10-17,long,2025-10-17 08:05:00-04:00,4294.805,4283.354899999999,4329.155300000003,2025-10-17 09:35:00-04:00,4283.354899999999,sl,-100.0,-1.0,4308.235,2025-10-17 07:34:00-04:00,2025-10-17 08:05:00-04:00,11.45010000000093,Downtrend,Uptrend,4283.355,4289.845,0.0001,0
2025-10-20,short,2025-10-20 09:21:00-04:00,4317.325,4326.975100000001,4288.374699999998,2025-10-20 10:20:00-04:00,4326.975100000001,sl,-100.0,-1.0,4265.915,2025-10-20 07:48:00-04:00,2025-10-20 09:21:00-04:00,9.650100000000748,Uptrend,Downtrend,4326.975,4317.525,0.0001,0
2025-10-21,long,2025-10-21 09:36:00-04:00,4208.625,4189.354899999999,4266.435300000002,2025-10-21 09:47:00-04:00,4189.354899999999,sl,-100.0,-1.0,4244.085,2025-10-21 08:10:00-04:00,2025-10-21 09:36:00-04:00,19.27010000000064,Uptrend,Uptrend,4189.355,4204.848,0.0001,0
2025-10-22,long,2025-10-22 07:15:00-04:00,4033.698,4014.9999,4089.7923,2025-10-22 07:42:00-04:00,4014.9999,sl,-100.0,-1.0,4022.748,2025-10-22 07:02:00-04:00,2025-10-22 07:15:00-04:00,18.698100000000068,Uptrend,Uptrend,4015.0,4032.048,0.0001,0
2025-10-23,short,2025-10-23 10:14:00-04:00,4141.985,4154.435100000001,4104.634699999997,2025-10-23 12:00:00-04:00,4142.885,close,-7.228857599541197,-0.07228857599541197,4125.245,2025-10-23 08:40:00-04:00,2025-10-23 10:14:00-04:00,12.45010000000093,Uptrend,Downtrend,4154.435,4146.185,0.0001,0
2025-10-24,long,2025-10-24 07:41:00-04:00,4057.425,4043.6178999999997,4098.846300000001,2025-10-24 09:06:00-04:00,4098.846300000001,tp,299.9999999999967,2.999999999999967,4047.315,2025-10-24 07:03:00-04:00,2025-10-24 07:41:00-04:00,13.807100000000446,Uptrend,Downtrend,4043.618,4056.845,0.0001,0
2025-10-27,long,2025-10-27 10:28:00-04:00,3984.175,3971.0679,4023.4963000000007,2025-10-27 12:00:00-04:00,4000.175,close,122.07124382967848,1.2207124382967849,4015.055,2025-10-27 08:47:00-04:00,2025-10-27 10:28:00-04:00,13.107100000000173,Uptrend,Uptrend,3971.068,3983.505,0.0001,0
2025-10-28,short,2025-10-28 10:54:00-04:00,3965.435,3969.4051000000004,3953.5246999999986,2025-10-28 11:37:00-04:00,3953.5246999999986,tp,300.0,3.0,3935.555,2025-10-28 08:52:00-04:00,2025-10-28 10:54:00-04:00,3.970100000000457,Uptrend,Uptrend,3969.405,3966.935,0.0001,0
2025-10-29,short,2025-10-29 07:35:00-04:00,4023.715,4029.9551,4004.9947,2025-10-29 08:38:00-04:00,4004.9947,tp,300.0,3.0,4029.525,2025-10-29 07:15:00-04:00,2025-10-29 07:35:00-04:00,6.240099999999984,Uptrend,Uptrend,4029.955,4024.658,0.0001,0
2025-10-30,short,2025-10-30 09:23:00-04:00,4000.798,4014.6351000000004,3959.286699999998,2025-10-30 12:00:00-04:00,4001.495,close,-5.037182646653445,-0.05037182646653445,4011.498,2025-10-30 09:09:00-04:00,2025-10-30 09:23:00-04:00,13.837100000000646,Downtrend,Downtrend,4014.635,4004.955,0.0001,0
2025-10-31,short,2025-10-31 07:51:00-04:00,4027.015,4036.0351,3999.9546999999993,2025-10-31 11:09:00-04:00,3999.9546999999993,tp,300.0,3.0,4026.808,2025-10-31 07:39:00-04:00,2025-10-31 07:51:00-04:00,9.020100000000184,Downtrend,Uptrend,4036.035,4030.238,0.0001,0
2025-11-03,short,2025-11-03 10:15:00-05:00,4026.105,4030.3851000000004,4013.264699999999,2025-11-03 10:27:00-05:00,4013.264699999999,tp,300.0,3.0,4027.865,2025-11-03 10:00:00-05:00,2025-11-03 10:15:00-05:00,4.280100000000402,Uptrend,Uptrend,4030.385,4026.288,0.0001,0
2025-11-04,long,2025-11-04 08:04:00-05:00,3987.765,3983.4649,4000.6652999999997,2025-11-04 08:27:00-05:00,3983.4649,sl,-100.0,-1.0,3985.765,2025-11-04 07:33:00-05:00,2025-11-04 08:04:00-05:00,4.300099999999929,Uptrend,Uptrend,3983.465,3987.248,0.0001,0
2025-11-06,short,2025-11-06 07:03:00-05:00,4015.375,4019.2751000000003,4003.674699999999,2025-11-06 07:53:00-05:00,4003.674699999999,tp,300.0,3.0,4019.175,2025-11-06 07:01:00-05:00,2025-11-06 07:03:00-05:00,3.900100000000293,Downtrend,Uptrend,4019.275,4017.895,0.0001,0
2025-11-07,long,2025-11-07 08:04:00-05:00,3998.535,3991.5449,4019.5053,2025-11-07 09:31:00-05:00,3991.5449,sl,-100.0,-1.0,3993.535,2025-11-07 07:49:00-05:00,2025-11-07 08:04:00-05:00,6.990099999999984,Downtrend,Downtrend,3991.545,3996.735,0.0001,0
2025-11-10,short,2025-11-10 08:33:00-05:00,4100.325,4105.7151,4084.1546999999982,2025-11-10 09:13:00-05:00,4084.1546999999982,tp,300.0,3.0,4086.115,2025-11-10 07:01:00-05:00,2025-11-10 08:33:00-05:00,5.39010000000053,Downtrend,Downtrend,4105.715,4101.565,0.0001,0
2025-11-11,short,2025-11-11 08:59:00-05:00,4142.425,4146.5451,4130.0647,2025-11-11 09:21:00-05:00,4130.0647,tp,300.0,3.0,4145.725,2025-11-11 08:36:00-05:00,2025-11-11 08:59:00-05:00,4.120100000000093,Downtrend,Uptrend,4146.545,4143.245,0.0001,0
2025-11-12,short,2025-11-12 07:41:00-05:00,4134.305,4139.2751,4119.394700000002,2025-11-12 09:51:00-05:00,4139.2751,sl,-100.0,-1.0,4133.385,2025-11-12 07:21:00-05:00,2025-11-12 07:41:00-05:00,4.970099999999547,Downtrend,Downtrend,4139.275,4136.165,0.0001,0
2025-11-13,short,2025-11-13 08:00:00-05:00,4240.645,4244.9251,4227.804700000001,2025-11-13 08:06:00-05:00,4227.804700000001,tp,300.0,3.0,4239.905,2025-11-13 07:56:00-05:00,2025-11-13 08:00:00-05:00,4.280099999999948,Uptrend,Uptrend,4244.925,4242.395,0.0001,0
2025-11-14,long,2025-11-14 07:43:00-05:00,4114.435,4107.5949,4134.955300000001,2025-11-14 08:06:00-05:00,4107.5949,sl,-100.0,-1.0,4130.425,2025-11-14 07:02:00-05:00,2025-11-14 07:43:00-05:00,6.840100000000348,Uptrend,Uptrend,4107.595,4113.185,0.0001,0
2025-11-17,long,2025-11-17 09:02:00-05:00,4067.028,4060.4348999999997,4086.8073,2025-11-17 11:03:00-05:00,4060.4348999999997,sl,-100.0,-1.0,4060.905,2025-11-17 08:54:00-05:00,2025-11-17 09:02:00-05:00,6.5931000000000495,Uptrend,Uptrend,4060.435,4064.155,0.0001,0
2025-11-18,short,2025-11-18 09:46:00-05:00,4070.675,4081.6451,4037.7647,2025-11-18 12:00:00-05:00,4067.525,close,28.71441463614817,0.2871441463614817,4050.185,2025-11-18 08:23:00-05:00,2025-11-18 09:46:00-05:00,10.970100000000002,Downtrend,Downtrend,4081.645,4072.135,0.0001,0
2025-11-19,short,2025-11-19 07:14:00-05:00,4115.955,4119.5751,4105.0947,2025-11-19 07:41:00-05:00,4119.5751,sl,-100.0,-1.0,4118.905,2025-11-19 07:10:00-05:00,2025-11-19 07:14:00-05:00,3.620100000000093,Downtrend,Uptrend,4119.575,4116.215,0.0001,0
2025-11-20,short,2025-11-20 08:21:00-05:00,4086.645,4094.3851000000004,4063.4246999999987,2025-11-20 08:38:00-05:00,4094.3851000000004,sl,-100.0,-1.0,4072.495,2025-11-20 07:11:00-05:00,2025-11-20 08:21:00-05:00,7.740100000000439,Uptrend,Uptrend,4094.385,4087.515,0.0001,0
2025-11-21,short,2025-11-21 09:03:00-05:00,4078.185,4083.6451,4061.8046999999992,2025-11-21 09:33:00-05:00,4061.8046999999992,tp,300.0,3.0,4063.145,2025-11-21 07:45:00-05:00,2025-11-21 09:03:00-05:00,5.460100000000239,Uptrend,Downtrend,4083.645,4078.929,0.0001,0
2025-11-24,short,2025-11-24 08:39:00-05:00,4080.635,4085.5751,4065.814700000001,2025-11-24 09:56:00-05:00,4085.5751,sl,-100.0,-1.0,4077.015,2025-11-24 07:42:00-05:00,2025-11-24 08:39:00-05:00,4.940099999999802,Downtrend,Downtrend,4085.575,4082.525,0.0001,0
2025-11-25,short,2025-11-25 08:57:00-05:00,4144.578,4150.5481,4126.667700000002,2025-11-25 09:35:00-05:00,4126.667700000002,tp,300.0,3.0,4139.138,2025-11-25 08:10:00-05:00,2025-11-25 08:57:00-05:00,5.970099999999547,Downtrend,Downtrend,4150.548,4145.915,0.0001,0
2025-11-26,short,2025-11-26 07:20:00-05:00,4168.685,4173.145100000001,4155.3047,2025-11-26 07:45:00-05:00,4155.3047,tp,300.0,3.0,4172.848,2025-11-26 07:01:00-05:00,2025-11-26 07:20:00-05:00,4.460100000000239,Downtrend,Uptrend,4173.145,4168.995,0.0001,0
2025-11-28,short,2025-11-28 10:01:00-05:00,4192.975,4208.6351,4145.9947,2025-11-28 11:22:00-05:00,4208.6351,sl,-100.0,-1.0,4179.455,2025-11-28 08:57:00-05:00,2025-11-28 10:01:00-05:00,15.660100000000057,Downtrend,Downtrend,4208.635,4194.598,0.0001,0
